AA,N_cap,Capp_box,Pro_N1,Asp_2,C_cap,Intrinsic,Acetyl,Succinyl,Amide,Hbond
A,0.4,0.4,0,0,0,0.61,-1.375,-1.875,-0.91,-0.775
G,-0.6,-0.6,0,-0.65,-0.4,1.71,-1.275,-1.775,-0.81,-0.775
S,-0.75,-1,-0.3,-0.75,-0.08,1.13,-1.275,-1.775,-0.81,-0.775
T,-0.65,-0.8,-0.3,-0.5,-0.08,1.18,-1.275,-1.775,-0.81,-0.775
N,-1.1,-1,-0.3,-1.1,-0.2,1.21,-1.275,-1.775,-0.81,-0.775
D,0,-1,-0.3,0,0.08,1.2,-1.275,-1.775,-0.81,-0.775
Q,0.5,0.25,0,-0.4,0,0.93,-1.275,-1.775,-0.81,-0.775
E,-0.08,-0.1,0,-0.4,0.08,0.95,-1.275,-1.775,-0.81,-0.775
H,0.25,0.25,0,-0.4,-0.35,1.23,-1.275,-1.775,-0.81,-0.775
K,0,0,0,-0.4,0,0.76,-1.275,-1.775,-0.81,-0.775
R,0,0,0,-0.4,-0.1,0.67,-1.275,-1.775,-0.81,-0.775
F,0.4,0.4,0,-0.4,0.08,1.08,-1.275,-1.775,-0.81,-0.775
Y,0.4,0.4,0,-0.4,0.08,1.08,-1.275,-1.775,-0.81,-0.775
W,0.08,0.08,0,-0.4,0.08,1.08,-1.275,-1.775,-0.81,-0.775
L,0.4,0.4,0,-0.4,0.08,0.8,-1.275,-1.775,-0.81,-0.775
V,0.4,0.4,0,-0.4,0.08,1.12,-1.275,-1.775,-0.81,-0.775
I,0.4,0.4,0,-0.4,0.08,0.96,-1.275,-1.775,-0.81,-0.775
M,0.4,0.4,0,-0.4,0.08,0.82,-1.275,-1.775,-0.81,-0.775
C,0.08,0.08,0,-0.4,0.08,1.21,-1.275,-1.775,-0.81,-0.775
P,0.44,0.44,0,0.44,0.08,3.33,-1.275,-1.775,-0.81,-0.775