AA,0,1,2,3,4,5,6,7,8,9
D,-0.34,-0.51,-0.53,-0.42,-0.18,-0.15,-0.13,-0.12,-0.11,-0.09
E,-0.26,-0.39,-0.22,-0.19,-0.18,-0.15,-0.13,-0.12,-0.09,-0.08
H,0.33,1.4,1.4,0.52,0.39,0.36,0.34,0.32,0.26,0.23
K,0.43,0.38,0.64,0.58,0.48,0.27,0.24,0.2,0.18,0.11
R,0.29,0.33,0.44,0.4,0.34,0.21,0.19,0.16,0.15,0.09
A,0,0,0,0,0,0,0,0,0,0
G,0,0,0,0,0,0,0,0,0,0
S,0,0,0,0,0,0,0,0,0,0
T,0,0,0,0,0,0,0,0,0,0
N,0,0,0,0,0,0,0,0,0,0
Q,0,0,0,0,0,0,0,0,0,0
F,0,0,0,0,0,0,0,0,0,0
Y,0,0,0,0,0,0,0,0,0,0
W,0,0,0,0,0,0,0,0,0,0
L,0,0,0,0,0,0,0,0,0,0
V,0,0,0,0,0,0,0,0,0,0
I,0,0,0,0,0,0,0,0,0,0
M,0,0,0,0,0,0,0,0,0,0
C,0,0,0,0,0,0,0,0,0,0
P,0,0,0,0,0,0,0,0,0,0