AA	P	G	A	C	S	T	N	D	Q	E	K	R	H	L	I	V	M	Y	F	W
P	0	0	0	0	0	0	0	0	0	0	0	0	0	-20	-20	-20	-20	-20	-20	-20
G	0	0	0	0	0	0	0	0	0	0	10	10	0	10	10	10	10	15	15	15
A	0	0	0	0	0	0	0	0	0	0	0	0	0	0	0	0	0	0	0	0
C	0	0	0	0	20	20	20	20	0	0	-20	-20	-40	20	20	20	20	-60	-60	-60
S	0	0	0	0	20	10	20	20	0	0	10	10	0	0	0	0	0	15	15	15
T	0	0	0	0	10	0	10	10	0	0	0	0	0	-20	-10	-10	-20	15	15	15
N	0	0	0	20	20	10	20	20	0	0	10	10	0	0	0	0	0	-20	-20	-20
D	0	0	0	0	20	10	20	20	-15	-15	-15	-30	-8	0	0	0	0	0	0	0
Q	0	0	0	0	0	-20	-60	-40	-15	-20	0	0	-5	-15	-15	-15	-15	-20	-20	-20
E	0	0	0	0	0	0	-30	-30	0	-40	-20	-45	0	-15	-15	-15	-15	20	20	20
K	0	0	0	0	0	0	0	-40	0	-10	10	10	20	-15	-15	-15	-15	-20	-20	-20
R	0	0	0	0	0	0	0	-20	0	-40	0	0	0	-15	-15	-15	-10	-20	-20	-20
H	0	0	0	0	0	0	0	-30	0	0	20	20	40	0	0	0	0	-30	-30	-30
L	0	0	0	0	20	20	20	20	0	15	0	0	0	-50	-57	-50	-30	-30	-30	-30
I	0	0	0	0	30	20	30	30	0	0	0	0	80	-40	-30	-30	-30	40	40	40
V	0	0	0	-30	20	20	30	30	0	0	0	0	80	-44	-30	-30	-30	40	40	40
M	0	0	0	0	20	20	20	20	0	15	0	0	0	-40	-30	-30	-40	-40	-40	-40
F	0	0	0	-80	10	-30	-50	30	-30	0	-20	-20	-40	-40	-60	-30	-70	-80	-80	-80
Y	0	0	0	-80	10	-30	-50	30	-50	0	-20	-20	-60	-40	-40	-30	-60	-80	-80	-80
W	0	0	0	-80	10	-30	-50	30	-30	0	-20	-20	-40	-30	-30	-30	-60	-80	-80	-80
