AA	P	G	A	C	S	T	N	D	E	Q	K	R	H	L	I	V	M	F	Y	W
P	0	0	0	0	0	0	0	0	0	0	0	0	0	0	0	0	0	0	0	0
G	0	0	0	0	0	0	0	0	0	0	0	0	0	0	0	0	0	0	0	0
A	0	0	0	0	0	0	0	0	0	0	0	0	0	0	-30	-10	-10	-10	0	0
C	0	0	0	0	0	0	0	0	0	0	0	0	0	0	0	0	0	0	0	0
S	0	0	0	0	0	0	0	0	0	0	0	0	0	0	0	0	0	0	0	0
T	0	0	0	0	0	0	0	0	0	0	0	0	0	0	0	0	0	0	0	0
N	0	0	0	0	0	0	0	0	0	0	0	0	0	0	0	0	0	0	0	0
D	0	0	0	0	0	0	0	0	20	20	0	-20	-20	0	0	0	0	0	0	0
Q	0	0	0	0	0	0	0	0	0	0	0	0	0	0	0	0	0	0	0	0
E	0	0	0	0	0	0	0	0	20	20	0	-20	-20	0	0	0	0	0	0	0
K	0	0	0	0	0	0	0	0	-20	-20	0	0	0	0	-30	-10	-10	-10	0	0
R	0	0	0	0	0	0	0	0	-20	-20	0	0	0	0	0	0	0	0	0	0
H	0	0	0	0	0	0	0	0	0	0	0	0	0	0	0	0	0	0	0	0
L	0	0	0	-10	0	0	0	0	0	0	0	0	0	-10	-10	-15	-10	-10	-20	-10
I	0	0	0	-10	0	0	0	0	0	0	0	0	0	0	-25	-10	-10	-10	-10	-10
V	0	0	0	-10	0	0	0	0	0	0	0	0	0	0	-10	-10	-10	-10	-10	-10
M	0	0	0	-10	0	0	0	0	0	0	0	0	0	0	-30	-10	-10	-10	-10	-10
F	0	0	-30	0	0	0	0	0	0	0	-30	0	0	0	-15	-10	-10	-10	0	0
Y	0	0	0	0	0	0	0	0	0	0	-30	0	0	0	-10	-10	-10	-10	0	0
W	0	0	0	0	0	0	0	0	0	0	-30	0	0	0	-10	-10	-10	-10	0	0
